Community,Average Degree Centrality,Node Count
Community 0,0.0006803989378540767,489
Community 1,0.0008006665923981625,438
Community 2,0.0007202059241951357,313
Community 3,0.0006386877585960908,256
Community 4,0.0006838773133664538,179
Community 5,0.0006481965867517777,81
Community 6,0.0005902391641275308,73
Community 7,0.0005913721695294456,69
Community 8,0.0005597199205417211,52
Community 9,0.0007704380082750749,40
Community 10,0.0006685282188206999,35
Community 11,0.0006126576754257133,34
Community 12,0.0005706948209444999,31
Community 13,0.0009892043563037999,30
Community 14,0.0005706948209444999,30
Community 15,0.0006297322162146207,29
Community 16,0.0005808857998899375,28
Community 17,0.0006446737792150833,27
Community 18,0.0005478670281067199,25
Community 19,0.0005469158700718125,24
Community 20,0.0006699460941522391,23
Community 21,0.0005447541472652045,22
Community 22,0.0005435188770899999,21
Community 23,0.0005706948209444999,20
Community 24,0.0005849621914681125,20
Community 25,0.0005564274504208874,20
Community 26,0.0005406582514211052,19
Community 27,0.0005371245373595293,17
Community 28,0.0005706948209444999,17
Community 29,0.0005371245373595293,17
Community 30,0.0005371245373595293,17
Community 31,0.0005350263946354687,16
Community 32,0.0007038569458315499,15
Community 33,0.0005326484995481999,15
Community 34,0.0005706948209444999,15
Community 35,0.0005326484995481999,15
Community 36,0.00052993090516275,14
Community 37,0.0008152783156349999,14
Community 38,0.0005910767788353749,14
Community 39,0.0005706948209444999,14
Community 40,0.0005267952193333846,13
Community 41,0.0005926446217500576,13
Community 42,0.0005267952193333846,13
Community 43,0.0005487450201389423,13
Community 44,0.0005231369191991249,12
Community 45,0.0005231369191991249,12
Community 46,0.0005469158700718125,12
Community 47,0.0005231369191991249,12
Community 48,0.000518813473585909,11
Community 49,0.000518813473585909,11
Community 50,0.0005447541472652045,11
Community 51,0.0006225761683030909,11
Community 52,0.000518813473585909,11
Community 53,0.000518813473585909,11
Community 54,0.0005706948209444999,11
Community 55,0.000518813473585909,11
Community 56,0.0006277643030389499,10
Community 57,0.00051362533885005,10
Community 58,0.00051362533885005,10
Community 59,0.0005992295619917249,10
Community 60,0.00051362533885005,10
Community 61,0.0006848337851334,10
Community 62,0.00051362533885005,10
Community 63,0.00051362533885005,10
Community 64,0.00051362533885005,10
Community 65,0.00051362533885005,10
Community 66,0.00051362533885005,10
Community 67,0.000507284285284,9
Community 68,0.000507284285284,9
Community 69,0.000507284285284,9
Community 70,0.0006975158922654999,9
Community 71,0.000507284285284,9
Community 72,0.000507284285284,9
Community 73,0.00053898955311425,9
Community 74,0.0004993579683264374,8
Community 75,0.0006420316735625624,8
Community 76,0.0004993579683264374,8
Community 77,0.0004993579683264374,8
Community 78,0.0006777000998715937,8
Community 79,0.0004993579683264374,8
Community 80,0.0006420316735625624,8
Community 81,0.0005706948209444999,8
Community 82,0.0004993579683264374,8
Community 83,0.0004993579683264374,8
Community 84,0.0005350263946354687,8
Community 85,0.0004993579683264374,8
Community 86,0.0004993579683264374,8
Community 87,0.0004993579683264374,8
Community 88,0.0004993579683264374,8
Community 89,0.000978333978762,7
Community 90,0.000489166989381,7
Community 91,0.00052993090516275,7
Community 92,0.00052993090516275,7
Community 93,0.000489166989381,7
Community 94,0.000489166989381,7
Community 95,0.000489166989381,7
Community 96,0.0005706948209444999,7
Community 97,0.000489166989381,7
Community 98,0.000489166989381,7
Community 99,0.000489166989381,7
Community 100,0.000489166989381,7
Community 101,0.000489166989381,7
Community 102,0.0005706948209444999,7
Community 103,0.0005706948209444999,7
Community 104,0.000489166989381,7
Community 105,0.00052993090516275,7
Community 106,0.000489166989381,7
Community 107,0.000489166989381,7
Community 108,0.000489166989381,7
Community 109,0.000489166989381,7
Community 110,0.000489166989381,7
Community 111,0.000489166989381,7
Community 112,0.000489166989381,7
Community 113,0.000489166989381,7
Community 114,0.000489166989381,7
Community 115,0.000489166989381,7
Community 116,0.000489166989381,7
Community 117,0.000489166989381,7
Community 118,0.0005706948209444999,7
Community 119,0.000489166989381,7
Community 120,0.000489166989381,7
Community 121,0.000489166989381,7
Community 122,0.00052993090516275,7
Community 123,0.000489166989381,7
Community 124,0.00047557901745374993,6
Community 125,0.0005231369191991249,6
Community 126,0.00047557901745374993,6
Community 127,0.00047557901745374993,6
Community 128,0.0005231369191991249,6
Community 129,0.0005231369191991249,6
Community 130,0.00047557901745374993,6
Community 131,0.00047557901745374993,6
Community 132,0.00047557901745374993,6
Community 133,0.00047557901745374993,6
Community 134,0.00047557901745374993,6
Community 135,0.0005706948209444999,6
Community 136,0.00047557901745374993,6
Community 137,0.0005231369191991249,6
Community 138,0.00047557901745374993,6
Community 139,0.0005231369191991249,6
Community 140,0.00047557901745374993,6
Community 141,0.00047557901745374993,6
Community 142,0.00047557901745374993,6
Community 143,0.00047557901745374993,6
Community 144,0.00047557901745374993,6
Community 145,0.00047557901745374993,6
Community 146,0.00047557901745374993,6
Community 147,0.00047557901745374993,6
Community 148,0.00047557901745374993,6
Community 149,0.00047557901745374993,6
Community 150,0.00047557901745374993,6
Community 151,0.00047557901745374993,6
Community 152,0.00047557901745374993,6
Community 153,0.00047557901745374993,6
Community 154,0.00047557901745374993,6
Community 155,0.00047557901745374993,6
Community 156,0.00047557901745374993,6
Community 157,0.00047557901745374993,6
Community 158,0.00047557901745374993,6
Community 159,0.00047557901745374993,6
Community 160,0.00047557901745374993,6
Community 161,0.00047557901745374993,6
Community 162,0.00047557901745374993,6
Community 163,0.00047557901745374993,6
Community 164,0.0005231369191991249,6
Community 165,0.00047557901745374993,6
Community 166,0.00047557901745374993,6
Community 167,0.00047557901745374993,6
Community 168,0.00047557901745374993,6
Community 169,0.00047557901745374993,6
Community 170,0.00047557901745374993,6
Community 171,0.00047557901745374993,6
Community 172,0.00047557901745374993,6
Community 173,0.00047557901745374993,6
Community 174,0.00047557901745374993,6
Community 175,0.00047557901745374993,6
Community 176,0.0005706948209444999,5
Community 177,0.00045655585675559993,5
Community 178,0.00045655585675559993,5
Community 179,0.00045655585675559993,5
Community 180,0.00045655585675559993,5
Community 181,0.00045655585675559993,5
Community 182,0.00045655585675559993,5
Community 183,0.00045655585675559993,5
Community 184,0.00045655585675559993,5
Community 185,0.00045655585675559993,5
Community 186,0.0006848337851334,5
Community 187,0.00045655585675559993,5
Community 188,0.00045655585675559993,5
Community 189,0.00045655585675559993,5
Community 190,0.00045655585675559993,5
Community 191,0.00045655585675559993,5
Community 192,0.00045655585675559993,5
Community 193,0.00045655585675559993,5
Community 194,0.00045655585675559993,5
Community 195,0.00045655585675559993,5
Community 196,0.00045655585675559993,5
Community 197,0.00045655585675559993,5
Community 198,0.00045655585675559993,5
Community 199,0.00045655585675559993,5
Community 200,0.00045655585675559993,5
Community 201,0.00045655585675559993,5
Community 202,0.00045655585675559993,5
Community 203,0.00045655585675559993,5
Community 204,0.00045655585675559993,5
Community 205,0.0006848337851334,5
Community 206,0.00045655585675559993,5
Community 207,0.00045655585675559993,5
Community 208,0.00045655585675559993,5
Community 209,0.00045655585675559993,5
Community 210,0.00045655585675559993,5
Community 211,0.00045655585675559993,5
Community 212,0.00045655585675559993,5
Community 213,0.00045655585675559993,5
Community 214,0.00045655585675559993,5
Community 215,0.00045655585675559993,5
Community 216,0.00045655585675559993,5
Community 217,0.00045655585675559993,5
Community 218,0.00045655585675559993,5
Community 219,0.00045655585675559993,5
Community 220,0.00045655585675559993,5
Community 221,0.00045655585675559993,5
Community 222,0.00045655585675559993,5
Community 223,0.00045655585675559993,5
Community 224,0.00045655585675559993,5
Community 225,0.00045655585675559993,5
Community 226,0.00045655585675559993,5
Community 227,0.00045655585675559993,5
Community 228,0.00045655585675559993,5
Community 229,0.00045655585675559993,5
Community 230,0.0005706948209444999,5
Community 231,0.00045655585675559993,5
Community 232,0.00045655585675559993,5
Community 233,0.00045655585675559993,5
Community 234,0.00045655585675559993,5
Community 235,0.00045655585675559993,5
Community 236,0.00045655585675559993,5
Community 237,0.00045655585675559993,5
Community 238,0.00045655585675559993,5
Community 239,0.00045655585675559993,5
Community 240,0.00045655585675559993,5
Community 241,0.00045655585675559993,5
Community 242,0.00045655585675559993,5
Community 243,0.00045655585675559993,5
Community 244,0.00045655585675559993,5
Community 245,0.00045655585675559993,5
Community 246,0.00045655585675559993,5
Community 247,0.00045655585675559993,5
Community 248,0.00045655585675559993,5
Community 249,0.00045655585675559993,5
Community 250,0.00045655585675559993,5
Community 251,0.00045655585675559993,5
Community 252,0.00045655585675559993,5
Community 253,0.00045655585675559993,5
Community 254,0.00045655585675559993,5
Community 255,0.0005706948209444999,5
Community 256,0.00045655585675559993,5
Community 257,0.00045655585675559993,5
Community 258,0.00045655585675559993,5
Community 259,0.00045655585675559993,5
Community 260,0.00045655585675559993,5
Community 261,0.00045655585675559993,5
Community 262,0.00045655585675559993,5
Community 263,0.00045655585675559993,5
Community 264,0.00045655585675559993,5
Community 265,0.00042802111570837496,4
Community 266,0.00042802111570837496,4
Community 267,0.00042802111570837496,4
Community 268,0.00042802111570837496,4
Community 269,0.00042802111570837496,4
Community 270,0.0005706948209444999,4
Community 271,0.00042802111570837496,4
Community 272,0.00042802111570837496,4
Community 273,0.00042802111570837496,4
Community 274,0.00042802111570837496,4
Community 275,0.00042802111570837496,4
Community 276,0.00042802111570837496,4
Community 277,0.00042802111570837496,4
Community 278,0.00042802111570837496,4
Community 279,0.00042802111570837496,4
Community 280,0.00042802111570837496,4
Community 281,0.00042802111570837496,4
Community 282,0.0005706948209444999,4
Community 283,0.00042802111570837496,4
Community 284,0.00042802111570837496,4
Community 285,0.00042802111570837496,4
Community 286,0.00042802111570837496,4
Community 287,0.00042802111570837496,4
Community 288,0.00042802111570837496,4
Community 289,0.00042802111570837496,4
Community 290,0.00042802111570837496,4
Community 291,0.00042802111570837496,4
Community 292,0.00042802111570837496,4
Community 293,0.00042802111570837496,4
Community 294,0.00042802111570837496,4
Community 295,0.00042802111570837496,4
Community 296,0.00042802111570837496,4
Community 297,0.00042802111570837496,4
Community 298,0.00042802111570837496,4
Community 299,0.00042802111570837496,4
Community 300,0.00042802111570837496,4
Community 301,0.00042802111570837496,4
Community 302,0.00042802111570837496,4
Community 303,0.00042802111570837496,4
Community 304,0.00042802111570837496,4
Community 305,0.00042802111570837496,4
Community 306,0.00042802111570837496,4
Community 307,0.00042802111570837496,4
Community 308,0.00042802111570837496,4
Community 309,0.00042802111570837496,4
Community 310,0.00042802111570837496,4
Community 311,0.0005706948209444999,4
Community 312,0.00042802111570837496,4
Community 313,0.00042802111570837496,4
Community 314,0.0005706948209444999,4
Community 315,0.00042802111570837496,4
Community 316,0.00042802111570837496,4
Community 317,0.00042802111570837496,4
Community 318,0.00042802111570837496,4
Community 319,0.00042802111570837496,4
Community 320,0.00042802111570837496,4
Community 321,0.00042802111570837496,4
Community 322,0.00042802111570837496,4
Community 323,0.00042802111570837496,4
Community 324,0.00042802111570837496,4
Community 325,0.00042802111570837496,4
Community 326,0.00042802111570837496,4
Community 327,0.00042802111570837496,4
Community 328,0.00042802111570837496,4
Community 329,0.00042802111570837496,4
Community 330,0.00042802111570837496,4
Community 331,0.00042802111570837496,4
Community 332,0.00042802111570837496,4
Community 333,0.00042802111570837496,4
Community 334,0.00042802111570837496,4
Community 335,0.00042802111570837496,4
Community 336,0.00042802111570837496,4
Community 337,0.00042802111570837496,4
Community 338,0.00042802111570837496,4
Community 339,0.00042802111570837496,4
Community 340,0.00042802111570837496,4
Community 341,0.0005706948209444999,4
Community 342,0.00042802111570837496,4
Community 343,0.00042802111570837496,4
Community 344,0.0005706948209444999,4
Community 345,0.00042802111570837496,4
Community 346,0.00042802111570837496,4
Community 347,0.00042802111570837496,4
Community 348,0.00042802111570837496,4
Community 349,0.00042802111570837496,4
Community 350,0.00042802111570837496,4
Community 351,0.00042802111570837496,4
Community 352,0.00042802111570837496,4
Community 353,0.00042802111570837496,4
Community 354,0.00042802111570837496,4
Community 355,0.00042802111570837496,4
Community 356,0.00042802111570837496,4
Community 357,0.00042802111570837496,4
Community 358,0.00042802111570837496,4
Community 359,0.00042802111570837496,4
Community 360,0.00042802111570837496,4
Community 361,0.00042802111570837496,4
Community 362,0.00042802111570837496,4
Community 363,0.00042802111570837496,4
Community 364,0.00042802111570837496,4
Community 365,0.0005706948209444999,4
Community 366,0.00042802111570837496,4
Community 367,0.0005706948209444999,4
Community 368,0.00042802111570837496,4
Community 369,0.00042802111570837496,4
Community 370,0.00042802111570837496,4
Community 371,0.00042802111570837496,4
Community 372,0.00042802111570837496,4
Community 373,0.00042802111570837496,4
Community 374,0.00042802111570837496,4
Community 375,0.00042802111570837496,4
Community 376,0.00042802111570837496,4
Community 377,0.00042802111570837496,4
Community 378,0.0005706948209444999,4
Community 379,0.00042802111570837496,4
Community 380,0.0005706948209444999,4
Community 381,0.00042802111570837496,4
Community 382,0.0005706948209444999,4
Community 383,0.00042802111570837496,4
Community 384,0.00042802111570837496,4
Community 385,0.00042802111570837496,4
Community 386,0.00042802111570837496,4
Community 387,0.00042802111570837496,4
Community 388,0.00042802111570837496,4
Community 389,0.00042802111570837496,4
Community 390,0.00042802111570837496,4
Community 391,0.00042802111570837496,4
Community 392,0.00042802111570837496,4
Community 393,0.00042802111570837496,4
Community 394,0.00042802111570837496,4
Community 395,0.00042802111570837496,4
Community 396,0.00042802111570837496,4
Community 397,0.00042802111570837496,4
Community 398,0.00042802111570837496,4
Community 399,0.00042802111570837496,4
Community 400,0.00042802111570837496,4
Community 401,0.00042802111570837496,4
Community 402,0.00042802111570837496,4
Community 403,0.00042802111570837496,4
Community 404,0.00042802111570837496,4
Community 405,0.00042802111570837496,4
Community 406,0.00042802111570837496,4
Community 407,0.00042802111570837496,4
Community 408,0.00042802111570837496,4
Community 409,0.00042802111570837496,4
Community 410,0.00042802111570837496,4
Community 411,0.00042802111570837496,4
Community 412,0.00042802111570837496,4
Community 413,0.00042802111570837496,4
Community 414,0.00042802111570837496,4
Community 415,0.00042802111570837496,4
Community 416,0.00042802111570837496,4
Community 417,0.00042802111570837496,4
Community 418,0.00042802111570837496,4
Community 419,0.00042802111570837496,4
Community 420,0.00042802111570837496,4
Community 421,0.00042802111570837496,4
Community 422,0.00042802111570837496,4
Community 423,0.00042802111570837496,4
Community 424,0.00042802111570837496,4
Community 425,0.00042802111570837496,4
Community 426,0.00042802111570837496,4
Community 427,0.00042802111570837496,4
Community 428,0.00042802111570837496,4
Community 429,0.00042802111570837496,4
Community 430,0.00042802111570837496,4
Community 431,0.00042802111570837496,4
Community 432,0.00042802111570837496,4
Community 433,0.0005706948209444999,4
Community 434,0.00042802111570837496,4
Community 435,0.0005706948209444999,4
Community 436,0.00042802111570837496,4
Community 437,0.00042802111570837496,4
Community 438,0.00042802111570837496,4
Community 439,0.00042802111570837496,4
Community 440,0.00042802111570837496,4
Community 441,0.0005706948209444999,4
Community 442,0.00042802111570837496,4
Community 443,0.00042802111570837496,4
Community 444,0.00042802111570837496,4
Community 445,0.00042802111570837496,4
Community 446,0.00042802111570837496,4
Community 447,0.00042802111570837496,4
Community 448,0.00042802111570837496,4
Community 449,0.00042802111570837496,4
Community 450,0.00042802111570837496,4
Community 451,0.00042802111570837496,4
Community 452,0.00042802111570837496,4
Community 453,0.00042802111570837496,4
Community 454,0.00042802111570837496,4
Community 455,0.00042802111570837496,4
Community 456,0.00042802111570837496,4
Community 457,0.00042802111570837496,4
Community 458,0.00042802111570837496,4
Community 459,0.00042802111570837496,4
Community 460,0.00042802111570837496,4
Community 461,0.00042802111570837496,4
Community 462,0.00042802111570837496,4
Community 463,0.00042802111570837496,4
Community 464,0.00042802111570837496,4
Community 465,0.00042802111570837496,4
Community 466,0.00042802111570837496,4
Community 467,0.000380463213963,3
Community 468,0.000380463213963,3
Community 469,0.000380463213963,3
Community 470,0.000380463213963,3
Community 471,0.000380463213963,3
Community 472,0.000380463213963,3
Community 473,0.000380463213963,3
Community 474,0.000380463213963,3
Community 475,0.000380463213963,3
Community 476,0.000380463213963,3
Community 477,0.000380463213963,3
Community 478,0.000380463213963,3
Community 479,0.000380463213963,3
Community 480,0.000380463213963,3
Community 481,0.000380463213963,3
Community 482,0.000380463213963,3
Community 483,0.000380463213963,3
Community 484,0.000380463213963,3
Community 485,0.000380463213963,3
Community 486,0.000380463213963,3
Community 487,0.000380463213963,3
Community 488,0.000380463213963,3
Community 489,0.000380463213963,3
Community 490,0.000380463213963,3
Community 491,0.000380463213963,3
Community 492,0.000380463213963,3
Community 493,0.000380463213963,3
Community 494,0.000380463213963,3
Community 495,0.000380463213963,3
Community 496,0.000380463213963,3
Community 497,0.000380463213963,3
Community 498,0.000380463213963,3
Community 499,0.000380463213963,3
Community 500,0.000380463213963,3
Community 501,0.000380463213963,3
Community 502,0.000380463213963,3
Community 503,0.000380463213963,3
Community 504,0.000380463213963,3
Community 505,0.000380463213963,3
Community 506,0.000380463213963,3
Community 507,0.000380463213963,3
Community 508,0.000380463213963,3
Community 509,0.000380463213963,3
Community 510,0.000380463213963,3
Community 511,0.000380463213963,3
Community 512,0.000380463213963,3
Community 513,0.000380463213963,3
Community 514,0.000380463213963,3
Community 515,0.000380463213963,3
Community 516,0.000380463213963,3
Community 517,0.000380463213963,3
Community 518,0.000380463213963,3
Community 519,0.000380463213963,3
Community 520,0.000380463213963,3
Community 521,0.000380463213963,3
Community 522,0.000380463213963,3
Community 523,0.000380463213963,3
Community 524,0.000380463213963,3
Community 525,0.000380463213963,3
Community 526,0.000380463213963,3
Community 527,0.000380463213963,3
Community 528,0.000380463213963,3
Community 529,0.000380463213963,3
Community 530,0.000380463213963,3
Community 531,0.000380463213963,3
Community 532,0.000380463213963,3
Community 533,0.000380463213963,3
Community 534,0.000380463213963,3
Community 535,0.000380463213963,3
Community 536,0.000380463213963,3
Community 537,0.000380463213963,3
Community 538,0.000380463213963,3
Community 539,0.000380463213963,3
Community 540,0.000380463213963,3
Community 541,0.000380463213963,3
Community 542,0.000380463213963,3
Community 543,0.000380463213963,3
Community 544,0.000380463213963,3
Community 545,0.000380463213963,3
Community 546,0.000380463213963,3
Community 547,0.000380463213963,3
Community 548,0.000380463213963,3
Community 549,0.000380463213963,3
Community 550,0.000380463213963,3
Community 551,0.000380463213963,3
Community 552,0.000380463213963,3
Community 553,0.000380463213963,3
Community 554,0.000380463213963,3
Community 555,0.000380463213963,3
Community 556,0.000380463213963,3
Community 557,0.000380463213963,3
Community 558,0.000380463213963,3
Community 559,0.000380463213963,3
Community 560,0.000380463213963,3
Community 561,0.000380463213963,3
Community 562,0.000380463213963,3
Community 563,0.000380463213963,3
Community 564,0.000380463213963,3
Community 565,0.000380463213963,3
Community 566,0.000380463213963,3
Community 567,0.000380463213963,3
Community 568,0.000380463213963,3
Community 569,0.000380463213963,3
Community 570,0.000380463213963,3
Community 571,0.000380463213963,3
Community 572,0.000380463213963,3
Community 573,0.000380463213963,3
Community 574,0.000380463213963,3
Community 575,0.000380463213963,3
Community 576,0.000380463213963,3
Community 577,0.000380463213963,3
Community 578,0.000380463213963,3
Community 579,0.000380463213963,3
Community 580,0.000380463213963,3
Community 581,0.000380463213963,3
Community 582,0.000380463213963,3
Community 583,0.000380463213963,3
Community 584,0.000380463213963,3
Community 585,0.000380463213963,3
Community 586,0.000380463213963,3
Community 587,0.000380463213963,3
Community 588,0.000380463213963,3
Community 589,0.000380463213963,3
Community 590,0.000380463213963,3
Community 591,0.000380463213963,3
Community 592,0.000380463213963,3
Community 593,0.000380463213963,3
Community 594,0.000380463213963,3
Community 595,0.000380463213963,3
Community 596,0.000380463213963,3
Community 597,0.000380463213963,3
Community 598,0.000380463213963,3
Community 599,0.000380463213963,3
Community 600,0.000380463213963,3
Community 601,0.000380463213963,3
Community 602,0.000380463213963,3
Community 603,0.000380463213963,3
Community 604,0.000380463213963,3
Community 605,0.000380463213963,3
Community 606,0.000380463213963,3
Community 607,0.000380463213963,3
Community 608,0.000380463213963,3
Community 609,0.000380463213963,3
Community 610,0.000380463213963,3
Community 611,0.000380463213963,3
Community 612,0.000380463213963,3
Community 613,0.000380463213963,3
Community 614,0.000380463213963,3
Community 615,0.000380463213963,3
Community 616,0.000380463213963,3
Community 617,0.000380463213963,3
Community 618,0.000380463213963,3
Community 619,0.000380463213963,3
Community 620,0.000380463213963,3
Community 621,0.000380463213963,3
Community 622,0.000380463213963,3
Community 623,0.000380463213963,3
Community 624,0.000380463213963,3
Community 625,0.000380463213963,3
Community 626,0.000380463213963,3
Community 627,0.000380463213963,3
Community 628,0.000380463213963,3
Community 629,0.000380463213963,3
Community 630,0.000380463213963,3
Community 631,0.000380463213963,3
Community 632,0.000380463213963,3
Community 633,0.000380463213963,3
Community 634,0.000380463213963,3
Community 635,0.000380463213963,3
Community 636,0.000380463213963,3
Community 637,0.000380463213963,3
Community 638,0.000380463213963,3
Community 639,0.000380463213963,3
Community 640,0.000380463213963,3
Community 641,0.000380463213963,3
Community 642,0.000380463213963,3
Community 643,0.000380463213963,3
Community 644,0.000380463213963,3
Community 645,0.000380463213963,3
Community 646,0.000380463213963,3
Community 647,0.000380463213963,3
Community 648,0.000380463213963,3
Community 649,0.000380463213963,3
Community 650,0.000380463213963,3
Community 651,0.000380463213963,3
Community 652,0.000380463213963,3
Community 653,0.000380463213963,3
Community 654,0.000380463213963,3
Community 655,0.000380463213963,3
Community 656,0.000380463213963,3
Community 657,0.000380463213963,3
Community 658,0.000380463213963,3
Community 659,0.000380463213963,3
Community 660,0.000380463213963,3
Community 661,0.000380463213963,3
Community 662,0.000380463213963,3
Community 663,0.000380463213963,3
Community 664,0.000380463213963,3
Community 665,0.000380463213963,3
Community 666,0.000380463213963,3
Community 667,0.000380463213963,3
Community 668,0.000380463213963,3
Community 669,0.000380463213963,3
Community 670,0.000380463213963,3
Community 671,0.000380463213963,3
Community 672,0.000380463213963,3
Community 673,0.000380463213963,3
Community 674,0.000380463213963,3
Community 675,0.000380463213963,3
Community 676,0.000380463213963,3
Community 677,0.000380463213963,3
Community 678,0.000380463213963,3
Community 679,0.000380463213963,3
Community 680,0.000380463213963,3
Community 681,0.000380463213963,3
Community 682,0.000380463213963,3
Community 683,0.000380463213963,3
Community 684,0.000380463213963,3
Community 685,0.000380463213963,3
Community 686,0.000380463213963,3
Community 687,0.000380463213963,3
Community 688,0.000380463213963,3
Community 689,0.000380463213963,3
Community 690,0.000380463213963,3
Community 691,0.000380463213963,3
Community 692,0.000380463213963,3
Community 693,0.000380463213963,3
Community 694,0.000380463213963,3
Community 695,0.000380463213963,3
Community 696,0.000380463213963,3
Community 697,0.000380463213963,3
Community 698,0.000380463213963,3
Community 699,0.000380463213963,3
Community 700,0.000380463213963,3
Community 701,0.000380463213963,3
Community 702,0.000380463213963,3
Community 703,0.000380463213963,3
Community 704,0.000380463213963,3
Community 705,0.000380463213963,3
Community 706,0.000380463213963,3
Community 707,0.000380463213963,3
Community 708,0.000380463213963,3
Community 709,0.000380463213963,3
Community 710,0.000380463213963,3
Community 711,0.000380463213963,3
Community 712,0.000380463213963,3
Community 713,0.000380463213963,3
Community 714,0.000380463213963,3
Community 715,0.000380463213963,3
Community 716,0.000380463213963,3
Community 717,0.000380463213963,3
Community 718,0.000380463213963,3
Community 719,0.000380463213963,3
Community 720,0.000380463213963,3
Community 721,0.000380463213963,3
Community 722,0.000380463213963,3
Community 723,0.000380463213963,3
Community 724,0.000380463213963,3
Community 725,0.000380463213963,3
Community 726,0.000380463213963,3
Community 727,0.000380463213963,3
Community 728,0.000380463213963,3
Community 729,0.000380463213963,3
Community 730,0.000380463213963,3
Community 731,0.000380463213963,3
Community 732,0.000380463213963,3
Community 733,0.000380463213963,3
Community 734,0.000380463213963,3
Community 735,0.000380463213963,3
Community 736,0.000380463213963,3
Community 737,0.000380463213963,3
Community 738,0.000380463213963,3
Community 739,0.000380463213963,3
Community 740,0.000380463213963,3
Community 741,0.000380463213963,3
Community 742,0.000380463213963,3
Community 743,0.000380463213963,3
Community 744,0.000380463213963,3
Community 745,0.000380463213963,3
Community 746,0.000380463213963,3
Community 747,0.000380463213963,3
Community 748,0.000380463213963,3
Community 749,0.000380463213963,3
Community 750,0.000380463213963,3
Community 751,0.000380463213963,3
Community 752,0.000380463213963,3
Community 753,0.000380463213963,3
Community 754,0.000380463213963,3
Community 755,0.000380463213963,3
Community 756,0.000380463213963,3
Community 757,0.000380463213963,3
Community 758,0.000380463213963,3
Community 759,0.000380463213963,3
Community 760,0.000380463213963,3
Community 761,0.000380463213963,3
Community 762,0.000380463213963,3
Community 763,0.000380463213963,3
Community 764,0.000380463213963,3
Community 765,0.000380463213963,3
Community 766,0.000380463213963,3
Community 767,0.000380463213963,3
Community 768,0.000380463213963,3
Community 769,0.000380463213963,3
Community 770,0.000380463213963,3
Community 771,0.000380463213963,3
Community 772,0.000380463213963,3
Community 773,0.000380463213963,3
Community 774,0.000380463213963,3
Community 775,0.000380463213963,3
Community 776,0.000380463213963,3
Community 777,0.000380463213963,3
Community 778,0.000380463213963,3
Community 779,0.000380463213963,3
Community 780,0.000380463213963,3
Community 781,0.000380463213963,3
Community 782,0.000380463213963,3
Community 783,0.000380463213963,3
Community 784,0.000380463213963,3
Community 785,0.000380463213963,3
Community 786,0.000380463213963,3
Community 787,0.000380463213963,3
Community 788,0.000380463213963,3
Community 789,0.000380463213963,3
Community 790,0.000380463213963,3
Community 791,0.000380463213963,3
Community 792,0.000380463213963,3
Community 793,0.000380463213963,3
Community 794,0.000380463213963,3
Community 795,0.000380463213963,3
Community 796,0.000380463213963,3
Community 797,0.000380463213963,3
Community 798,0.000380463213963,3
Community 799,0.000380463213963,3
Community 800,0.000380463213963,3
Community 801,0.000380463213963,3
Community 802,0.000380463213963,3
Community 803,0.000380463213963,3
Community 804,0.000380463213963,3
Community 805,0.000380463213963,3
Community 806,0.000380463213963,3
Community 807,0.000380463213963,3
Community 808,0.000380463213963,3
Community 809,0.000380463213963,3
Community 810,0.000380463213963,3
Community 811,0.000380463213963,3
Community 812,0.000380463213963,3
Community 813,0.000380463213963,3
Community 814,0.000380463213963,3
Community 815,0.000380463213963,3
Community 816,0.000380463213963,3
Community 817,0.000380463213963,3
Community 818,0.000380463213963,3
Community 819,0.000380463213963,3
Community 820,0.000380463213963,3
Community 821,0.000380463213963,3
Community 822,0.000380463213963,3
Community 823,0.000380463213963,3
Community 824,0.000380463213963,3
Community 825,0.000380463213963,3
Community 826,0.000380463213963,3
Community 827,0.000380463213963,3
Community 828,0.000380463213963,3
Community 829,0.000380463213963,3
Community 830,0.000380463213963,3
Community 831,0.000380463213963,3
Community 832,0.000380463213963,3
Community 833,0.000380463213963,3
Community 834,0.000380463213963,3
Community 835,0.000380463213963,3
Community 836,0.000380463213963,3
Community 837,0.000380463213963,3
Community 838,0.000380463213963,3
Community 839,0.000380463213963,3
Community 840,0.000380463213963,3
Community 841,0.000380463213963,3
Community 842,0.000380463213963,3
Community 843,0.000380463213963,3
Community 844,0.000380463213963,3
Community 845,0.000380463213963,3
Community 846,0.000380463213963,3
Community 847,0.000380463213963,3
Community 848,0.000380463213963,3
Community 849,0.000380463213963,3
Community 850,0.000380463213963,3
Community 851,0.000380463213963,3
Community 852,0.000380463213963,3
Community 853,0.000380463213963,3
Community 854,0.000380463213963,3
Community 855,0.000380463213963,3
Community 856,0.000380463213963,3
Community 857,0.000380463213963,3
Community 858,0.000380463213963,3
Community 859,0.000380463213963,3
Community 860,0.000380463213963,3
Community 861,0.000380463213963,3
Community 862,0.000380463213963,3
Community 863,0.000380463213963,3
Community 864,0.000380463213963,3
Community 865,0.000380463213963,3
Community 866,0.000380463213963,3
Community 867,0.000380463213963,3
Community 868,0.000380463213963,3
Community 869,0.000380463213963,3
Community 870,0.000380463213963,3
Community 871,0.000380463213963,3
Community 872,0.000380463213963,3
Community 873,0.000380463213963,3
Community 874,0.000380463213963,3
Community 875,0.000380463213963,3
Community 876,0.000380463213963,3
Community 877,0.000380463213963,3
Community 878,0.000380463213963,3
Community 879,0.000380463213963,3
Community 880,0.000380463213963,3
Community 881,0.000380463213963,3
Community 882,0.000380463213963,3
Community 883,0.000380463213963,3
Community 884,0.000380463213963,3
Community 885,0.000380463213963,3
Community 886,0.000380463213963,3
Community 887,0.000380463213963,3
Community 888,0.000380463213963,3
Community 889,0.000380463213963,3
Community 890,0.000380463213963,3
Community 891,0.000380463213963,3
Community 892,0.000380463213963,3
Community 893,0.000380463213963,3
Community 894,0.000380463213963,3
Community 895,0.000380463213963,3
Community 896,0.000380463213963,3
Community 897,0.000380463213963,3
Community 898,0.000380463213963,3
Community 899,0.000380463213963,3
Community 900,0.000380463213963,3
Community 901,0.000380463213963,3
Community 902,0.000380463213963,3
Community 903,0.000380463213963,3
Community 904,0.000380463213963,3
Community 905,0.000380463213963,3
Community 906,0.000380463213963,3
Community 907,0.000380463213963,3
Community 908,0.000380463213963,3
Community 909,0.000380463213963,3
Community 910,0.000380463213963,3
Community 911,0.000380463213963,3
Community 912,0.000380463213963,3
Community 913,0.000380463213963,3
Community 914,0.000380463213963,3
Community 915,0.000380463213963,3
Community 916,0.000380463213963,3
Community 917,0.000380463213963,3
Community 918,0.000380463213963,3
Community 919,0.000380463213963,3
Community 920,0.000380463213963,3
Community 921,0.000380463213963,3
Community 922,0.000380463213963,3
Community 923,0.000380463213963,3
Community 924,0.000380463213963,3
Community 925,0.000380463213963,3
Community 926,0.000380463213963,3
Community 927,0.000380463213963,3
Community 928,0.000380463213963,3
Community 929,0.000380463213963,3
Community 930,0.000380463213963,3
Community 931,0.000380463213963,3
Community 932,0.000380463213963,3
Community 933,0.000380463213963,3
Community 934,0.000380463213963,3
Community 935,0.000380463213963,3
Community 936,0.000380463213963,3
Community 937,0.000380463213963,3
Community 938,0.000380463213963,3
Community 939,0.000380463213963,3
Community 940,0.000380463213963,3
Community 941,0.000380463213963,3
Community 942,0.000380463213963,3
Community 943,0.000380463213963,3
Community 944,0.000380463213963,3
Community 945,0.000380463213963,3
Community 946,0.000380463213963,3
Community 947,0.000380463213963,3
Community 948,0.000380463213963,3
Community 949,0.000380463213963,3
Community 950,0.000380463213963,3
Community 951,0.000380463213963,3
Community 952,0.000380463213963,3
Community 953,0.000380463213963,3
Community 954,0.000380463213963,3
Community 955,0.000380463213963,3
Community 956,0.000380463213963,3
Community 957,0.000380463213963,3
Community 958,0.000380463213963,3
Community 959,0.000380463213963,3
Community 960,0.000380463213963,3
Community 961,0.000380463213963,3
Community 962,0.000380463213963,3
Community 963,0.000380463213963,3
Community 964,0.000380463213963,3
Community 965,0.000380463213963,3
Community 966,0.000380463213963,3
Community 967,0.000380463213963,3
Community 968,0.000380463213963,3
Community 969,0.000380463213963,3
Community 970,0.000380463213963,3
Community 971,0.000380463213963,3
Community 972,0.000380463213963,3
Community 973,0.000380463213963,3
Community 974,0.000380463213963,3
Community 975,0.000380463213963,3
Community 976,0.000380463213963,3
Community 977,0.000380463213963,3
Community 978,0.000380463213963,3
Community 979,0.000380463213963,3
Community 980,0.000380463213963,3
Community 981,0.000380463213963,3
Community 982,0.000380463213963,3
Community 983,0.000380463213963,3
Community 984,0.000380463213963,3
Community 985,0.000380463213963,3
Community 986,0.000380463213963,3
Community 987,0.000380463213963,3
Community 988,0.000380463213963,3
Community 989,0.000380463213963,3
Community 990,0.000380463213963,3
Community 991,0.000380463213963,3
Community 992,0.000380463213963,3
Community 993,0.000380463213963,3
Community 994,0.000380463213963,3
Community 995,0.000380463213963,3
Community 996,0.000380463213963,3
Community 997,0.000380463213963,3
Community 998,0.000380463213963,3
Community 999,0.000380463213963,3
Community 1000,0.000380463213963,3
Community 1001,0.000380463213963,3
Community 1002,0.000380463213963,3
Community 1003,0.000380463213963,3
Community 1004,0.000380463213963,3
Community 1005,0.000380463213963,3
Community 1006,0.000380463213963,3
Community 1007,0.000380463213963,3
Community 1008,0.000380463213963,3
Community 1009,0.000380463213963,3
Community 1010,0.000380463213963,3
Community 1011,0.000380463213963,3
Community 1012,0.000380463213963,3
Community 1013,0.000380463213963,3
Community 1014,0.000380463213963,3
Community 1015,0.000380463213963,3
Community 1016,0.000380463213963,3
Community 1017,0.000380463213963,3
Community 1018,0.000380463213963,3
Community 1019,0.000380463213963,3
Community 1020,0.000380463213963,3
Community 1021,0.000380463213963,3
Community 1022,0.000380463213963,3
Community 1023,0.000380463213963,3
Community 1024,0.000380463213963,3
Community 1025,0.000380463213963,3
Community 1026,0.000380463213963,3
Community 1027,0.000380463213963,3
Community 1028,0.000380463213963,3
Community 1029,0.000380463213963,3
Community 1030,0.000380463213963,3
Community 1031,0.000380463213963,3
Community 1032,0.000380463213963,3
Community 1033,0.000380463213963,3
Community 1034,0.000380463213963,3
Community 1035,0.000380463213963,3
Community 1036,0.000380463213963,3
Community 1037,0.000380463213963,3
Community 1038,0.000380463213963,3
Community 1039,0.000380463213963,3
Community 1040,0.000380463213963,3
Community 1041,0.000380463213963,3
Community 1042,0.000380463213963,3
Community 1043,0.000380463213963,3
Community 1044,0.000380463213963,3
Community 1045,0.000380463213963,3
Community 1046,0.000380463213963,3
Community 1047,0.000380463213963,3
Community 1048,0.000380463213963,3
Community 1049,0.000380463213963,3
Community 1050,0.000380463213963,3
Community 1051,0.000380463213963,3
Community 1052,0.000380463213963,3
Community 1053,0.000380463213963,3
Community 1054,0.000380463213963,3
Community 1055,0.000380463213963,3
Community 1056,0.000380463213963,3
Community 1057,0.000380463213963,3
Community 1058,0.000380463213963,3
Community 1059,0.000380463213963,3
Community 1060,0.000380463213963,3
Community 1061,0.000380463213963,3
Community 1062,0.000380463213963,3
Community 1063,0.000380463213963,3
Community 1064,0.000380463213963,3
Community 1065,0.000380463213963,3
Community 1066,0.000380463213963,3
Community 1067,0.000380463213963,3
Community 1068,0.000380463213963,3
Community 1069,0.000380463213963,3
Community 1070,0.000380463213963,3
Community 1071,0.000380463213963,3
Community 1072,0.000380463213963,3
Community 1073,0.000380463213963,3
Community 1074,0.000380463213963,3
Community 1075,0.000380463213963,3
Community 1076,0.000380463213963,3
Community 1077,0.000380463213963,3
Community 1078,0.000380463213963,3
Community 1079,0.000380463213963,3
Community 1080,0.000380463213963,3
Community 1081,0.000380463213963,3
Community 1082,0.000380463213963,3
Community 1083,0.000380463213963,3
Community 1084,0.000380463213963,3
Community 1085,0.000380463213963,3
Community 1086,0.000380463213963,3
Community 1087,0.000380463213963,3
Community 1088,0.000380463213963,3
Community 1089,0.000380463213963,3
Community 1090,0.000380463213963,3
Community 1091,0.000380463213963,3
Community 1092,0.000380463213963,3
Community 1093,0.000380463213963,3
Community 1094,0.000380463213963,3
Community 1095,0.000380463213963,3
Community 1096,0.000380463213963,3
Community 1097,0.000380463213963,3
Community 1098,0.00028534741047224997,2
Community 1099,0.00028534741047224997,2
Community 1100,0.00028534741047224997,2
Community 1101,0.00028534741047224997,2
Community 1102,0.00028534741047224997,2
Community 1103,0.00028534741047224997,2
Community 1104,0.00028534741047224997,2
Community 1105,0.00028534741047224997,2
Community 1106,0.00028534741047224997,2
Community 1107,0.00028534741047224997,2
Community 1108,0.00028534741047224997,2
Community 1109,0.00028534741047224997,2
Community 1110,0.00028534741047224997,2
Community 1111,0.00028534741047224997,2
Community 1112,0.00028534741047224997,2
Community 1113,0.00028534741047224997,2
Community 1114,0.00028534741047224997,2
Community 1115,0.00028534741047224997,2
Community 1116,0.00028534741047224997,2
Community 1117,0.00028534741047224997,2
Community 1118,0.00028534741047224997,2
Community 1119,0.00028534741047224997,2
Community 1120,0.00028534741047224997,2
Community 1121,0.00028534741047224997,2
Community 1122,0.00028534741047224997,2
Community 1123,0.00028534741047224997,2
Community 1124,0.00028534741047224997,2
Community 1125,0.00028534741047224997,2
Community 1126,0.00028534741047224997,2
Community 1127,0.00028534741047224997,2
Community 1128,0.00028534741047224997,2
Community 1129,0.00028534741047224997,2
Community 1130,0.00028534741047224997,2
Community 1131,0.00028534741047224997,2
Community 1132,0.00028534741047224997,2
Community 1133,0.00028534741047224997,2
Community 1134,0.00028534741047224997,2
Community 1135,0.00028534741047224997,2
Community 1136,0.00028534741047224997,2
Community 1137,0.00028534741047224997,2
Community 1138,0.00028534741047224997,2
Community 1139,0.00028534741047224997,2
Community 1140,0.00028534741047224997,2
Community 1141,0.00028534741047224997,2
Community 1142,0.00028534741047224997,2
Community 1143,0.00028534741047224997,2
Community 1144,0.00028534741047224997,2
Community 1145,0.00028534741047224997,2
Community 1146,0.00028534741047224997,2
Community 1147,0.00028534741047224997,2
Community 1148,0.00028534741047224997,2
Community 1149,0.00028534741047224997,2
Community 1150,0.00028534741047224997,2
Community 1151,0.00028534741047224997,2
Community 1152,0.00028534741047224997,2
Community 1153,0.00028534741047224997,2
Community 1154,0.00028534741047224997,2
Community 1155,0.00028534741047224997,2
Community 1156,0.00028534741047224997,2
Community 1157,0.00028534741047224997,2
Community 1158,0.00028534741047224997,2
Community 1159,0.00028534741047224997,2
Community 1160,0.00028534741047224997,2
Community 1161,0.00028534741047224997,2
Community 1162,0.00028534741047224997,2
Community 1163,0.00028534741047224997,2
Community 1164,0.00028534741047224997,2
Community 1165,0.00028534741047224997,2
Community 1166,0.00028534741047224997,2
Community 1167,0.00028534741047224997,2
Community 1168,0.00028534741047224997,2
Community 1169,0.00028534741047224997,2
Community 1170,0.00028534741047224997,2
Community 1171,0.00028534741047224997,2
Community 1172,0.00028534741047224997,2
Community 1173,0.00028534741047224997,2
Community 1174,0.00028534741047224997,2
Community 1175,0.00028534741047224997,2
Community 1176,0.00028534741047224997,2
Community 1177,0.00028534741047224997,2
Community 1178,0.00028534741047224997,2
Community 1179,0.00028534741047224997,2
Community 1180,0.00028534741047224997,2
Community 1181,0.00028534741047224997,2
Community 1182,0.00028534741047224997,2
Community 1183,0.00028534741047224997,2
Community 1184,0.00028534741047224997,2
Community 1185,0.00028534741047224997,2
Community 1186,0.00028534741047224997,2
Community 1187,0.00028534741047224997,2
Community 1188,0.00028534741047224997,2
Community 1189,0.00028534741047224997,2
Community 1190,0.00028534741047224997,2
Community 1191,0.00028534741047224997,2
Community 1192,0.00028534741047224997,2
Community 1193,0.00028534741047224997,2
Community 1194,0.00028534741047224997,2
Community 1195,0.00028534741047224997,2
Community 1196,0.00028534741047224997,2
